<?xml version="1.0" encoding="UTF-8"?>
<!DOCTYPE configuration
 PUBLIC "-//mybatis.org//DTD Config 3.0//EN" "http://mybatis.org/dtd/mybatis-3-config.dtd">
 
<configuration>
	<properties resource="db.properties"/>
	
	<settings>	
		<!-- null 값 입력 시 값을 자동으로 입력?해주는? -->
		<setting name="jdbcTypeForNull" value="NULL"/>
		<!-- DB 컬럼명을 낙타표기법으로 속성명과 자동 매핑 처리하기 -->
		<setting name="mapUnderscoreToCamelCase" value="true" />
	</settings>
	
	<typeAliases>
		<typeAlias type="volunteer.vo.VolunteerVO" alias="VolunteerVO"/>
		<typeAlias type="volunteer.vo.ReviewVO" alias="ReviewVO"/>
		<typeAlias type="volunteer.vo.ReservationVO" alias="ReservationVO"/>
		<typeAlias type="volunteer.vo.WishVO" alias="WishVO"/>
	</typeAliases>
	
	<environments default="dev">
		<environment id="dev">
			<transactionManager type="JDBC" />
			<dataSource type="POOLED">
				<property name="driver" value="${driver}" />
				<property name="url" value="${url}" />
				<property name="username" value="${username}" />
				<property name="password" value="${password}" />
				<!-- 활성화된 최대 커넥션 수 -->
				<property name="poolMaximumActiveConnections" value="2" />
				<!-- 유휴 상태에서의 최대 커넥션 수 -->
				<property name="poolMaximumIdleConnections" value="2" />
			</dataSource>
		</environment>
	</environments>


	<mappers>
<!-- 	mapper 추가 해야됨 -->
		<mapper resource="mappers/volunteer.xml" />
	</mappers>
</configuration>